p10_annual_orec_exceedance,fixed_rec_price,bid_quantity_mwh,eligibility,renewable_technology,project_name,solicitation_name,generation_type,counterparty,developer_name,article_10_94c_case_number,county_province,project_status,contract_duration,zip_code,state_province,max_annual_contract_quantity,new_renewable_capacity_mw,data_through_date,bid_capacity_mw,georeference,permit_process,installed_energy_storage_energy_capacity_mwhac,energy_storage_power_capacity_mwac,second_article_10_or_94c_case_number,year_of_delivery_start_date,redc,nyiso_zone,index_rec_strike_price,interconnection_queue_number,type_of_existing,transmission_capacity_hvdc_,ptid,federal_permitting_mechanism,article_7
,25,9.6,Tier 1,Biogas - ADG,NYC Biogas,3084,,,,,Richmond,Cancelled,20,10307,NY,71902,9.6,2023-01-20T00:00:00.000,9.12,POINT (-74.24321 40.5091),,,,,,New York City,New York City,,,,,,,
,22,900,Non-Tier 1,Hydroelectric,Wave Hydro,2226,,,,,Onondaga,Cancelled,10,13027,NY,900,0.95,2023-01-20T00:00:00.000,0.33,POINT (-76.33276 43.15867),,,,,2011,Central New York,Central,,,,,,,
,16.94,14245,Non-Tier 1,Land Based Wind,Prattsburgh Windfarm,1037,,,,,Steuben,Cancelled,10,14873,NY,15670,55.5,2023-01-20T00:00:00.000,5.55,POINT (-77.28905 42.52343),,,,,,Southern Tier,Central,,,,,,,
,11.99,180500,Non-Tier 1,Biomass,Niagara Generating Facility*,1037,,,,,Niagara,Completed,10,14304,NY,189525,26,2023-01-20T00:00:00.000,26,POINT (-78.96669 43.08191),,,,,2008,Western New York,West,,,,,,,
,26,20306,Non-Tier 1,Biogas - LFG,Modern,2226,,,,,Niagara,Completed,10,14174,NY,20306,6.4,2023-01-20T00:00:00.000,,POINT (-79.04796 43.2504),,,,,2011,Western New York,West,,,,,,,
,17.75,57671,Non-Tier 1,Land Based Wind,Bellmont,1037,,,,,Franklin,Cancelled,10,12969,NY,63438,21,2023-01-20T00:00:00.000,19.95,POINT (-74.17381 44.7338),,,,,,North Country,North,,,,,,,
,29.95,8432,Non-Tier 1,Fuel Cell,ATT Clean Energy Project - 400 Hamilton B,2554,,,,,Westchester,Cancelled,10,10601,NY,8432,1,2023-01-20T00:00:00.000,1.05,POINT (-73.76344 41.03379),,,,,,Mid-Hudson,Dunwoodie,,,,,,,
,29.95,4216,Non-Tier 1,Fuel Cell,ATT Clean Energy Project - 400 Hamilton A,2554,,,,,Westchester,Cancelled,10,10601,NY,4216,0.5,2023-01-20T00:00:00.000,0.5,POINT (-73.76344 41.03379),,,,,,Mid-Hudson,Dunwoodie,,,,,,,
,19.25,28500,Non-Tier 1,Biomass,AES Greenidge,1168,,,,,Yates,Completed,3,14441,NY,28500,4,2023-01-20T00:00:00.000,,POINT (-76.9555 42.68081),,,,,2009,Finger Lakes,Central,,,,,,,
,,131238,Maintenance,Maintenance Biomass,Lyonsdale Biomass,RPS Maintenance,,,,,Lewis,Completed,3,13368,NY,131238,,2023-01-20T00:00:00.000,22,POINT (-75.36537 43.61971),,,,,2015,North Country,Mohawk Valley,,,,,,,
,,,Maintenance,Maintenance Biomass,Lyonsdale,RPS Maintenance,,,,,Lewis,Completed,7,13368,NY,,,2023-01-20T00:00:00.000,,POINT (-75.36537 43.61971),,,,,2008,North Country,Mohawk Valley,,,,,,,
,,128000,Maintenance,Maintenance Biomass,Boralex Chateaugay,RPS Maintenance,,"ReEnergy Chateaugay, LLC",,,Franklin,Completed,10,12920,NY,128000,,2023-01-20T00:00:00.000,21,POINT (-74.08016 44.92649),,,,,2006,North Country,North,,,,,,,
,9.5,827,Tier 1,Hydroelectric,Tannery Island - Tannery Island Hydro,3257,Existing,Ampersand Tannery Island Hydro LLC,Ampersand Energy Partners,,Jefferson,Operational,20,13619,NY,827,0.17,2023-01-20T00:00:00.000,0.16,POINT (-75.60618 43.98008),,,,,2016,North Country,Mohawk Valley,,,Upgrade,,23633,,
,25,4794,Tier 1,Hydroelectric,Swinging Bridge,3257,Existing,"Eagle Creek Hydro Power, LLC",Eagle Creek Hydro Power,,Sullivan,Operational,20,12737,NY,4794,2.18,2023-01-20T00:00:00.000,2.07,POINT (-74.80665 41.49108),SEQR,,,,2020,Mid-Hudson,Hudson Valley,,696,Upgrade,,23641,,
,27,32613,Tier 1,Solar,Sunny Knoll Solar,RESRFP17-1,New,,,,Schoharie,Cancelled,20,12157,NY,39135,19.99,2023-01-20T00:00:00.000,19.39,POINT (-74.31147 42.6644),,,,,,Mohawk Valley,Capital,,,,,,,
,18.5,7707,Tier 1,Land Based Wind,Steel Winds Wind Farm 2,RESRFP19-1,Existing,"Erie Wind, LLC",Brookfield Renewable,,Erie,Operational,20,14218,NY,9248,4.4,2023-01-20T00:00:00.000,2.57,POINT (-78.82774 42.81977),SEQR,,,,2021,Western New York,West,,,Upgrade,,323693,,
,18.5,14362,Tier 1,Land Based Wind,Steel Winds Wind Farm,RESRFP19-1,Existing,"Niagara Wind Power, LLC",Brookfield Renewable,,Erie,Operational,20,14218,NY,17234,5.84,2023-01-20T00:00:00.000,4.78,POINT (-78.82774 42.81977),SEQR,,,,2022,Western New York,West,,,Upgrade,,323596,,
,,229329,Tier 1,Land Based Wind,Roaring Brook Wind,RESRFP18-1,New,PPM Roaring Brook LLC,Avangrid Renewables,,Lewis,Operational,20,13367,NY,275194,79.73,2023-01-20T00:00:00.000,77.7,POINT (-75.49047 43.78695),SEQR,,,,2021,North Country,Mohawk Valley,66.37,546,,,323790,,
,6.4,8432,Tier 1,Fuel Cell,Regen DG Project,3257,New,Bloom Energy Corp,Bloom Energy Corp,,Westchester,Operational,20,10591,NY,8432,1.05,2023-01-20T00:00:00.000,1,POINT (-73.85865 41.08007),,,,,2018,Mid-Hudson,Dunwoodie,,,,,N/A,,
,22.5,1959,Tier 1,Hydroelectric,North Division Street Dam Hydroelectric Facility,3257,Existing,City of Auburn,City of Auburn,,Cayuga,Operational,20,13021,NY,1959,0.58,2023-01-20T00:00:00.000,0.55,POINT (-76.56591 42.92936),,,,,2018,Central New York,Mohawk Valley,,,Upgrade,,5015,,
,20,6324,Tier 1,Fuel Cell,Morgan Stanley Headquarters,3084,New,"MS Financing, LLC",Morgan Stanley,,New York,Operational,20,10036,NY,6324,0.79,2023-01-20T00:00:00.000,0.75,POINT (-73.98464 40.7591),,,,,2016,New York City,New York City,,,,,N/A,,
,17.9,20062,Tier 1,Hydroelectric,Lyons Falls Mill Redevelopment,RESRFP17-1,Existing,"Northbrook Lyons Falls, LLC",Kruger Energy,,Lewis,Cancelled,20,13368,NY,24074,3.28,2023-01-20T00:00:00.000,3.28,POINT (-75.36537 43.61971),,,,,,North Country,Mohawk Valley,,,Upgrade,,,,
,22.5,27409,Tier 1,Hydroelectric,Lyons Falls Mill Hydro,3084,,,,,Lewis,Cancelled,20,13368,NY,27409,5.51,2023-01-20T00:00:00.000,5.23,POINT (-75.36537 43.61971),,,,,,North Country,Mohawk Valley,,,,,,,
,24.5,206272,Tier 1,Land Based Wind,Jericho Rise,2985,New,"Jericho Rise Wind Farm, LLC",EDF Renewables Development,,Franklin,Operational,20,12920,NY,206272,77.7,2023-01-20T00:00:00.000,73.81,POINT (-74.08016 44.92649),,,,,2019,North Country,North,,,,,323719,,
,15,32166,Tier 1,Hydroelectric,Glen Park,3257,Existing,"Black River Hydroelectric, LLC",Cube Hydro,,Jefferson,Operational,20,13601,NY,32166,7.18,2023-01-20T00:00:00.000,6.82,POINT (-75.91428 43.97586),,,,,2016,North Country,Mohawk Valley,,,Upgrade,,23778,,
,14.55,3819,Tier 1,Hydroelectric,Fulton Unit 2,3084,New,Erie Boulevard Hydropower LP,Brookfield Renewable,,Oswego,Operational,20,13069,NY,3819,0.45,2023-01-20T00:00:00.000,0.45,POINT (-76.41527 43.32201),,,,,2018,Central New York,Central,,,,,24041,,
,15.08,6968,Tier 1,Hydroelectric,Fulton Unit 1,3257,Existing,Erie Boulevard Hydropower LP,Brookfield Renewable,,Oswego,Operational,20,13069,NY,6968,0.87,2023-01-20T00:00:00.000,0.87,POINT (-76.41527 43.32201),,,,,2018,Central New York,Central,,,Upgrade,,24041,,
,25.5,32103,Tier 1,Solar,Double Lock Solar,RESRFP17-1,New,"Double Lock Solar, LLC",Cypress Creek Renewables,,Herkimer,Cancelled,20,13339,NY,38523,19.99,2023-01-20T00:00:00.000,19.39,POINT (-74.62332 42.93068),,,,,,Mohawk Valley,Capital,,,,,,,
,18.5,97083,Tier 1,Land Based Wind,Cohocton Wind Project,RESRFP19-1,Existing,"Canandaigua Power Partners, LLC",Brookfield Renewable,,Steuben,Operational,20,14826,NY,116499,37.09,2023-01-20T00:00:00.000,35.75,POINT (-77.51062 42.50697),SEQR,,,,2022,Southern Tier,Central,,,Upgrade,,323617,,
,,5999,Tier 1,Hydroelectric,Chasm Falls,RESRFP20-1,Existing,Ampersand Chasm Falls Hydro LLC,Ampersand Hydro,,Franklin,Operational,20,12920,NY,7199,1.6,2023-01-20T00:00:00.000,1.6,POINT (-74.08016 44.92649),SEQR,,,,2022,North Country,North,55.75,,Return to Service,,5016,,
,,894221,Tier 1,Land Based Wind,Canisteo Wind & Storage,RESRFP18-1,New,,Invenergy,http://documents.dps.ny.gov/public/MatterManagement/CaseMaster.aspx?MatterCaseNo=16-F-0205,Steuben,Cancelled,20,14855,NY,1073065,290,2023-01-20T00:00:00.000,290,POINT (-77.50328 42.12147),,,,,,Southern Tier,Central,,,,,,,
,30,4750,Tier 1,Biogas - ADG,Buffalo BioEnergy,2554,New,Sustainable BioPower LLC,Quasar Energy Group,,Erie,Operational,10,14224,NY,4750,1.24,2023-01-20T00:00:00.000,1.24,POINT (-78.76835 42.83785),,,,,2017,Western New York,West,,,,,N/A,,
,,33271,Tier 1,Solar,Branscomb Solar,RESRFP17-1,New,"Branscomb Solar, LLC",MN8 Energy,,Washington,Operational,20,12834,NY,39925,20,2023-01-20T00:00:00.000,19.99,POINT (-73.49696 43.08752),SEQR,,,,2022,Capital Region,Capital,78,731,,,323811,,
,14.84,1975,Tier 1,Hydroelectric,Belfort Unit 3,3257,Existing,Erie Boulelvard Hydropower LP,Brookfield Renewable,,Lewis,Operational,19,13327,NY,1975,0.36,2023-01-20T00:00:00.000,0.34,POINT (-75.39118 43.89781),,,,,2016,North Country,Mohawk Valley,,,Upgrade,,24048,,
,21.75,229873,Tier 1,Land Based Wind,Arkwright Summit,2985,New,Arkwright Summit Wind Farm LLC,EDF Renewables Development,,Chautauqua,Operational,20,14063,NY,229873,78.4,2023-01-20T00:00:00.000,75.58,POINT (-79.33186 42.44029),,,,,2020,Western New York,West,,,,,323751,,
,20,474,Non-Tier 1,Hydroelectric,Wappingers Falls,1851,,,,,Dutchess,Completed,10,12590,NY,474,0.12,2023-01-20T00:00:00.000,0.11,POINT (-73.91438 41.59714),,,,,2011,Mid-Hudson,Hudson Valley,,,,,,,
,14.62,684,Non-Tier 1,Hydroelectric,Taylorville Hydro,1851,,,,,Lewis,Completed,10,13327,NY,684,0.1,2023-01-20T00:00:00.000,0.1,POINT (-75.39118 43.89781),,,,,2011,North Country,Mohawk Valley,,,,,24048,,
,19.5,11677,Non-Tier 1,Hydroelectric,Stuyvesant Falls,1851,,,,,Columbia,Completed,10,12173,NY,11677,6,2023-01-20T00:00:00.000,5.7,POINT (-73.78433 42.3879),,,,,2013,Capital Region,Capital,,,,,,,
,30,1606,Non-Tier 1,Fuel Cell,Stop and Shop Clean Energy Project - Mt. Vernon,2554,,,,,Westchester,Operational,10,10550,NY,1606,0.26,2023-01-20T00:00:00.000,0.25,POINT (-73.83827 40.91245),,,,,2015,Mid-Hudson,Dunwoodie,,,,,,,
,9.24,11609,Non-Tier 1,Hydroelectric,Stewarts Bridge Hydro (Upgrade),1681,,,,,Saratoga,Completed,10,12822,NY,11609,2.9,2023-01-20T00:00:00.000,2.76,POINT (-73.83128 43.24434),,,,,2011,Capital Region,Capital,,,,,24058,,
,19.75,10491,Non-Tier 1,Hydroelectric,Stewarts Bridge,2226,,,,,Saratoga,Operational,10,12822,NY,10491,2.6,2023-01-20T00:00:00.000,2.49,POINT (-73.83128 43.24434),,,,,2013,Capital Region,Capital,,,,,24058,,
,20,37430,Non-Tier 1,Land Based Wind,Steel Winds II,1851,,,,,Erie,Completed,10,14218,NY,37430,15,2023-01-20T00:00:00.000,14,POINT (-78.82774 42.81977),,,,,2012,Western New York,West,,,,,323693,,
,2.74,3115,Non-Tier 1,Hydroelectric,Spier Falls,916,,,,,Saratoga,Completed,10,12822,NY,3582,0.8,2023-01-20T00:00:00.000,,POINT (-73.83128 43.24434),,,,,2006,Capital Region,Capital,,,,,24058,,
,13.99,19292,Non-Tier 1,Hydroelectric,Sherman Island,1168,,,,,Warren,Completed,10,12804,NY,19292,4.7,2023-01-20T00:00:00.000,4.5,POINT (-73.67843 43.33318),,,,,2009,Capital Region,Capital,,,,,,,
,26,46664,Non-Tier 1,Biogas - LFG,Seneca,2226,,,,,Seneca,Completed,10,13165,NY,46664,12.8,2023-01-20T00:00:00.000,5.85,POINT (-76.8627 42.89895),,,,,2011,Finger Lakes,Central,,,,,,,
,9.49,21885,Non-Tier 1,Hydroelectric,School Street,1681,,,,,Albany,Completed,10,12047,NY,21885,5.2,2023-01-20T00:00:00.000,4.9,POINT (-73.70009 42.77465),,,,,2011,Capital Region,Capital,,,,,24059,,
,25,4199,Non-Tier 1,Hydroelectric,Rio,2554,,,,,Sullivan,Completed,10,12737,NY,4199,0.8,2023-01-20T00:00:00.000,0.76,POINT (-74.80665 41.49108),,,,,2014,Mid-Hudson,Hudson Valley,,,,,,,
,9.98,3291,Non-Tier 1,Hydroelectric,Raymondville,1037,,,,,St Lawrence,Completed,10,13667,NY,3620,0.7,2023-01-20T00:00:00.000,0.7,POINT (-74.98356 44.80086),,,,,2008,North Country,Mohawk Valley,,,,,24057,,
,16.5,40500,Non-Tier 1,Land Based Wind,Prattsburgh,1168,,,,,Steuben,Cancelled,10,14873,NY,40500,54,2023-01-20T00:00:00.000,16.2,POINT (-77.28905 42.52343),,,,,,Southern Tier,Central,,,,,,,
,9.98,385,Non-Tier 1,Hydroelectric,Piercefield,1168,,,,,St Lawrence,Completed,10,12922,NY,385,0.1,2023-01-20T00:00:00.000,0.1,POINT (-74.66915 44.28576),,,,,2009,North Country,North,,,,,24042,,
,8.75,2688,Non-Tier 1,Hydroelectric,Oswego Falls,1037,,,,,Oswego,Completed,10,13069,NY,2957,0.6,2023-01-20T00:00:00.000,0.6,POINT (-76.41527 43.32201),,,,,2008,Central New York,Central,,,,,24041,,
,20.89,279103,Non-Tier 1,Land Based Wind,Orangeville,2226,,,,,Wyoming,Operational,10,14569,NY,279103,92.8,2023-01-20T00:00:00.000,88.16,POINT (-78.1332 42.74022),,,,,2014,Finger Lakes,Central,,,,,323706,,
,26,17232,Non-Tier 1,Biogas - LFG,Ontario,2226,,,,,Ontario,Completed,10,14561,NY,17232,6.4,2023-01-20T00:00:00.000,3,POINT (-77.09743 42.82485),,,,,2011,Finger Lakes,Central,,,,,,,
,9.99,4207,Non-Tier 1,Hydroelectric,Norwood,1037,,,,,St Lawrence,Completed,10,13668,NY,4628,0.5,2023-01-20T00:00:00.000,0.5,POINT (-74.99419 44.75155),,,,,2008,North Country,Mohawk Valley,,,,,24057,,
,9.96,6822,Non-Tier 1,Hydroelectric,Norfolk,1037,,,,,St Lawrence,Completed,10,13667,NY,7504,1.5,2023-01-20T00:00:00.000,1.5,POINT (-74.98356 44.80086),,,,,2008,North Country,Mohawk Valley,,,,,24057,,
,20.25,986,Non-Tier 1,Hydroelectric,Mill Street Dam,2389,,,,,Cayuga,Operational,10,13021,NY,986,0.22,2023-01-20T00:00:00.000,0.23,POINT (-76.56591 42.92936),,,,,2014,Central New York,Central,,,,,,,
,17.5,19000,Non-Tier 1,Hydroelectric,Mechanicville,1851,,,,,Saratoga,Completed,10,12118,NY,19000,4.5,2023-01-20T00:00:00.000,4.28,POINT (-73.68506 42.90448),,,,,2011,Capital Region,Capital,,,,,,,
,36.95,52526,Non-Tier 1,Land Based Wind,Marsh Hill,2554,,,,,Steuben,Operational,10,14855,NY,52526,16.2,2023-01-20T00:00:00.000,15.39,POINT (-77.50328 42.12147),,,,,2014,Southern Tier,Central,,,,,323713,,
,20.44,581510,Non-Tier 1,Land Based Wind,Marble River,2226,,,,,Clinton,Operational,10,12923,NY,581510,215.25,2023-01-20T00:00:00.000,204.49,POINT (-73.9322 44.95524),,,,,2012,North Country,North,,,,,323696,,
,16.98,54093,Non-Tier 1,Land Based Wind,Locust Ridge,2389,,,,,Steuben,Completed,10,19087,PA,54093,26,2023-01-20T00:00:00.000,24.7,POINT (-75.39125 40.0455),,,,,2012,Southern Tier,Central,,,,,PJM,,
,20.49,15396,Non-Tier 1,Biogas - LFG,Hyland LFGE,2226,,,,,Allegany,Completed,10,14709,NY,15396,4.8,2023-01-20T00:00:00.000,2.2,POINT (-78.02061 42.30738),,,,,2011,Western New York,Genesee,,,,,,,
,37,6359,Non-Tier 1,Land Based Wind,Howard*,2554,,,,,Steuben,Operational,10,14823,NY,6359,,2023-01-20T00:00:00.000,2.55,POINT (-77.60504 42.27),,,,,2013,Southern Tier,Central,,,,,323690,,
,28.5,9849,Non-Tier 1,Land Based Wind,Howard (Expansion),2389,,,,,Steuben,Operational,10,14823,NY,9849,4.1,2023-01-20T00:00:00.000,3.9,POINT (-77.60504 42.27),,,,,2013,Southern Tier,Central,,,,,323690,,
,17.5,115184,Non-Tier 1,Land Based Wind,Howard,2226,,,,,Steuben,Completed,10,14823,NY,115184,51.25,2023-01-20T00:00:00.000,46.13,POINT (-77.60504 42.27),,,,,2012,Southern Tier,Central,,,,,323690,,
,2.49,8917,Non-Tier 1,Hydroelectric,Higley Falls*,916,,,,,St Lawrence,Completed,1,13625,NY,10255,,2023-01-20T00:00:00.000,,POINT (-74.94156 44.55449),,,,,2006,North Country,Mohawk Valley,,,,,24057,,
,9.95,10589,Non-Tier 1,Hydroelectric,Higley Falls,1037,,,,,St Lawrence,Completed,10,13625,NY,11648,1.9,2023-01-20T00:00:00.000,1.9,POINT (-74.94156 44.55449),,,,,2008,North Country,Mohawk Valley,,,,,24057,,
,18.5,228200,Non-Tier 1,Land Based Wind,High Sheldon,1851,,,,,Wyoming,Completed,10,14145,NY,228200,112.5,2023-01-20T00:00:00.000,106.9,POINT (-78.44801 42.70145),,,,,2012,Finger Lakes,West,,,,,,,
,20,26410,Non-Tier 1,Hydroelectric,High Falls,1168,,,,,,Completed,10,J0X2L,Qu�bec,26410,14.7,2023-01-20T00:00:00.000,14,,,,,,2009,,,,,,,,,
,24,3847,Non-Tier 1,Land Based Wind,Henkel US Operations Corp - Geneva Facility,2554,,,,,Ontario,Operational,10,14456,NY,3847,3.3,2023-01-20T00:00:00.000,3.14,POINT (-76.98218 42.86642),,,,,2013,Finger Lakes,Central,,,,,,,
,21.5,74141,Non-Tier 1,Land Based Wind,Hardscrabble Wind Energy Project,1851,,,,,Herkimer,Completed,10,13416,NY,74141,0,2023-01-20T00:00:00.000,26.64,POINT (-75.01815 43.19067),,,,,2011,Mohawk Valley,Mohawk Valley,,,,,,,
,15.5,121508,Non-Tier 1,Land Based Wind,Hardscrabble,1681,,,,,Herkimer,Completed,10,13416,NY,121508,74,2023-01-20T00:00:00.000,43.7,POINT (-75.01815 43.19067),,,,,2011,Mohawk Valley,Mohawk Valley,,,,,,,
,9.99,1399,Non-Tier 1,Hydroelectric,Effley,1168,,,,,Lewis,Completed,10,13327,NY,1399,0.3,2023-01-20T00:00:00.000,0.3,POINT (-75.39118 43.89781),,,,,2009,North Country,Mohawk Valley,,,,,24048,,
,9.97,5643,Non-Tier 1,Hydroelectric,East Norfolk,1037,,,,,St Lawrence,Completed,10,13667,NY,6207.3,0.9,2023-01-20T00:00:00.000,0.9,POINT (-74.98356 44.80086),,,,,2008,North Country,Mohawk Valley,,,,,24057,,
,9,2892,Non-Tier 1,Hydroelectric,Eagle,1037,,,,,Lewis,Completed,10,13327,NY,3181,0.5,2023-01-20T00:00:00.000,0.5,POINT (-75.39118 43.89781),,,,,2008,North Country,Mohawk Valley,,,,,10063,,
,26,19178,Non-Tier 1,Biogas - LFG,DANC,2226,,,,,Jefferson,Completed,10,13682,NY,19178,4.8,2023-01-20T00:00:00.000,4,POINT (-75.94078 43.85022),,,,,2011,North Country,Mohawk Valley,,,,,,,
,8.25,4410,Non-Tier 1,Hydroelectric,Colton,1037,,,,,St Lawrence,Completed,10,13625,NY,4851,0.7,2023-01-20T00:00:00.000,0.7,POINT (-74.94156 44.55449),,,,,2008,North Country,Mohawk Valley,,,,,24057,,
,24.99,6275,Non-Tier 1,Biogas - LFG,Clinton Co.,2389,,,,,Clinton,Completed,10,12962,NY,6275,6.4,2023-01-20T00:00:00.000,1.28,POINT (-73.56636 44.69294),,,,,2012,North Country,North,,,,,,,
,25,11209,Non-Tier 1,Biogas - LFG,Chautauqua LFGE,2226,,,,,Chautauqua,Completed,10,14701,NY,11209,8,2023-01-20T00:00:00.000,2.11,POINT (-79.2378 42.09605),,,,,2011,Western New York,West,,,,,323629,,
,10,324,Non-Tier 1,Hydroelectric,Burt Dam Incremental Hydro,3257,Existing,,,,Niagara,Operational,19,14028,NY,324,0.09,2023-01-20T00:00:00.000,0.08,POINT (-78.71228 43.31645),,,,,2016,Western New York,West,,,Upgrade,,,,
,1.6,978,Non-Tier 1,Hydroelectric,Browns Falls*,916,,,,,St Lawrence,Completed,1,13670,NY,1125,,2023-01-20T00:00:00.000,,POINT (-75.07083 44.18332),,,,,2006,North Country,Mohawk Valley,,,,,,,
,8,1161,Non-Tier 1,Hydroelectric,Browns Falls,1037,,,,,St Lawrence,Completed,10,13670,NY,1277,0.4,2023-01-20T00:00:00.000,0.4,POINT (-75.07083 44.18332),,,,,2008,North Country,Mohawk Valley,,,,,24044,,
,33,324045,Non-Tier 1,Biomass,Black River,2389,,,,,Jefferson,Operational,10,13602,NY,324045,43.26,2023-01-20T00:00:00.000,41.1,POINT (-75.76748 44.03764),,,,,2013,North Country,Mohawk Valley,,,,,23780,,
,25,1900,Non-Tier 1,Hydroelectric,Black Brook,2226,,,,,Clinton,Completed,10,12912,NY,1900,0.64,2023-01-20T00:00:00.000,0.61,POINT (-73.67684 44.44009),,,,,2011,North Country,Mohawk Valley,,,,,,,
,29.95,1264,Non-Tier 1,Fuel Cell,ATT Clean Energy Project - Rego Park,2554,,,,,Queens,Operational,10,11374,NY,1264,0.2,2023-01-20T00:00:00.000,0.19,POINT (-73.86884 40.73194),,,,,2015,New York City,New York City,,,,,,,
,8.5,1523,Non-Tier 1,Hydroelectric,Allens Falls,1037,,,,,St Lawrence,Completed,10,13676,NY,1675,0.3,2023-01-20T00:00:00.000,0.3,POINT (-74.98656 44.66987),,,,,2008,North Country,Mohawk Valley,,,,,24042,,
,14.95,22340,Non-Tier 1,Biogas - LFG,Albany 2,2226,,,,,Albany,Completed,10,12205,NY,22340,3.2,2023-01-20T00:00:00.000,3,POINT (-73.80574 42.71547),,,,,2012,Capital Region,Capital,,,,,323615,,
,13.85,5625,Non-Tier 1,Biogas - LFG,Albany 1,1851,,,,,Albany,Completed,10,12205,NY,5625,0.9,2023-01-20T00:00:00.000,0.86,POINT (-73.80574 42.71547),,,,,2011,Capital Region,Capital,,,,,323615,,
,32.22,6325,Non-Tier 1,Fuel Cell,"401 Fieldcrest Dr. Elmsford, NY 10523",2554,,,,,Westchester,Operational,10,10523,NY,6325,0.8,2023-01-20T00:00:00.000,0.76,POINT (-73.81937 41.05419),,,,,2015,Mid-Hudson,Dunwoodie,,,,,,,
,,42590,Maintenance,Maintenance Hydroelectric,Lyons Falls Hydro,Tier 2 - Maintenance,,"Northbrook Lyons Falls, LLC","Kruger Energy, Inc",,Lewis,Completed,3,13368,NY,42590,,2023-01-20T00:00:00.000,8.59,POINT (-75.36537 43.61971),,,,,2019,North Country,Mohawk Valley,,,,,23570,,
,,,Maintenance,Maintenance Hydroelectric,Long Falls - Ampersand,Tier 2 - Maintenance,,Ampersand Long Falls Hydro LLC,Ampersand,,Jefferson,Under Development,3,13619,NY,8006,,2023-01-20T00:00:00.000,0.33,POINT (-75.60618 43.98008),,,,,,North Country,Mohawk Valley,,,,,,,
,,1681,Maintenance,Maintenance Hydroelectric,Kayuta Lake Hydro _July 2021 Award,Tier 2 - Maintenance,,Ampersand Kayuta Lake Hydro LLC,Ampersand,,Oneida,Operational,3,13338,NY,1681,,2023-01-20T00:00:00.000,0.46,POINT (-75.20483 43.44104),,,,,2022,Mohawk Valley,Mohawk Valley,,,,,,,
,,1897,Maintenance,Maintenance Hydroelectric,Kayuta Lake Hydro,Tier 2 - Maintenance,,Ampersand Kayuta Lake Hydro LLC,Ampersand Hydro,,Oneida,Completed,3,13338,NY,1897,,2023-01-20T00:00:00.000,0.46,POINT (-75.20483 43.44104),,,,,2018,Mohawk Valley,Mohawk Valley,,,,,,,
,,625,Maintenance,Maintenance Hydroelectric,Finger Lakes,Tier 2 - Maintenance,,Finger Lakes Energy Corporation,Finger Lakes Energy Corporation,,Tompkins,Completed,3,14850,NY,625,,2023-01-20T00:00:00.000,0.15,POINT (-76.49546 42.44051),,,,,2019,Southern Tier,Central,,,,,,,
,,2500,Maintenance,Maintenance Hydroelectric,Azure Mountain,RPS Maintenance,,Azure Mountain Power Company,Azure Mountain Power Company,,Franklin,Operational,10,12980,NY,2500,,2023-01-20T00:00:00.000,0.8,POINT (-74.54633 44.67299),,,,,2013,North Country,Mohawk Valley,,,,,,,
,,,Tier 4,https://www.cleanpathny.com/,Clean Path NY (CPNY),T4RFP21-1,,Clean Path New York LLC,Forward Power (a joint venture of Invenergy and energyRe) and the New York Power Authority,,,Under Development,25,,,,,2023-01-20T00:00:00.000,,,,,1168,,2027,,,,,,1300,,,
,,,Tier 4,https://chpexpress.com/,Champlain Hudson Power Express (CHPE),T4RFP21-1,,H.Q. Energy Services (U.S.) Inc.,"Transmission Developers, Inc. (backed by Blackstone) and Hydro-Qu�bec",,,Under Development,25,,,,,2023-01-20T00:00:00.000,,,,,,,2026,,,,,,1250,,,
4419800,,,OREC,Offshore Wind,Sunrise Wind,ORECRFP18-1,New,,Orsted A/S and Eversource Energy,,,Under Development,25,,,,924,2023-01-20T00:00:00.000,924,,,,,,2026,,,,,,,,https://www.permits.performance.gov/permitting-project/sunrise-wind-farm,https://documents.dps.ny.gov/public/MatterManagement/CaseMaster.aspx?Mattercaseno=20-T-0617
5765100,,,OREC,Offshore Wind,Empire Wind 2,ORECRFP20-1,New,,Equinor Wind US LLC,,,Under Development,25,,,,1260,2023-01-20T00:00:00.000,1260,,,,,,2027,,,,,,,,https://www.permits.performance.gov/permitting-project/empire-wind-energy-project,https://documents.dps.ny.gov/public/MatterManagement/CaseMaster.aspx?MatterCaseNo=22-T-0346&CaseSearch=Search
4550000,,,OREC,Offshore Wind,Empire Wind,ORECRFP18-1,New,,Equinor Wind US LLC,,,Under Development,25,,,,816,2023-01-20T00:00:00.000,816,,,,,,2026,,,,,,,,https://www.permits.performance.gov/permitting-project/empire-wind-energy-project,https://documents.dps.ny.gov/public/MatterManagement/CaseMaster.aspx?MatterSeq=65825&MNO=21-T-0366
6018100,,,OREC,Offshore Wind,Beacon Wind,ORECRFP20-1,New,,Equinor Wind US LLC,,,Under Development,25,,,,1230,2023-01-20T00:00:00.000,1230,,,,,,2028,,,,,,,,,https://documents.dps.ny.gov/public/MatterManagement/CaseMaster.aspx?MatterSeq=68175
,,1851,Maintenance,Maintenance Hydroelectric,Black Brook Hydro_October 2021 Award,Tier 2 - Maintenance,,"Oakvale Construction Co., LTD.","Oakvale Construction Co., LTD.",,Clinton,Operational,3,12912,NY,1851,,2023-01-20T00:00:00.000,0.64,POINT (-73.67684 44.44009),,,,,2021,North Country,North,,,,,,,
,,111164,Tier 1,Solar,Shepherd's Run Solar,RESRFP17-1,New,Hecate Energy Columbia County 1 LLC,Hecate Energy,https://documents.dps.ny.gov/public/MatterManagement/CaseMaster.aspx?MatterCaseNo=21-02553,Columbia,Under Development,20,12521,NY,133396,60,2023-01-20T00:00:00.000,60,POINT (-73.62149 42.15723),ORES,,,,2025,Capital Region,Capital,70.01,644,,,,,
,,449651,Tier 1,Land Based Wind,Prattsburgh Wind Farm,RESRFP19-1,New,"Prattsburgh Wind, LLC",Terra-Gen,https://documents.dps.ny.gov/public/MatterManagement/CaseMaster.aspx?MatterCaseNo=21-00749,Steuben,Under Development,20,14873,NY,539581,145,2023-01-20T00:00:00.000,145,POINT (-77.28905 42.52343),ORES,,,,2025,Southern Tier,Central,71.59,801,,,,,
,,381936,Tier 1,Solar,Orleans Solar,RESRFP20-1,New,Orleans Solar LLC,Community Energy,,Orleans,Cancelled,20,14103,NY,458323,200,2023-01-20T00:00:00.000,200,POINT (-78.38691 43.22012),ORES,,,,2024,Finger Lakes,Genesee,,950,,,,,
,,278500,Tier 1,Land Based Wind,Number Three Wind Farm,3257,New,Number Three Wind LLC,Invenergy,http://documents.dps.ny.gov/public/MatterManagement/CaseMaster.aspx?MatterCaseNo=16-F-0328,Lewis,Under Development,20,13367,NY,334200,103.9,2023-01-20T00:00:00.000,105.8,POINT (-75.49047 43.78695),Article 10,,,,2023,North Country,Mohawk Valley,74.96,531,,,,,
,,43603,Tier 1,Solar,Highbanks Solar,RESRFP20-1,New,Highbanks Solar LLC,Oriden Power,,Livingston,Cancelled,20,14510,NY,52323,19.99,2023-01-20T00:00:00.000,19.99,POINT (-77.8741 42.72573),SEQR,,,,2025,Finger Lakes,Central,41.77,863,,,,,
,,308737,Tier 1,Land Based Wind,High Bridge Wind and Battery,RESRFP18-1,New,"High Bridge Wind, LLC",Northland Power,http://documents.dps.ny.gov/public/MatterManagement/CaseMaster.aspx?MatterCaseNo=18-f-0262,Chenango,Under Development,20,13780,NY,370484,99,2023-01-20T00:00:00.000,99,POINT (-75.47306 42.42149),Article 10,20,5,,2026,Southern Tier,Mohawk Valley,67.27,706,,,,,
,,393100,Tier 1,Land Based Wind,"Heritage Wind, LLC",RESRFP18-1,New,Heritage Wind LLC,Apex Clean Energy,http://documents.dps.ny.gov/public/MatterManagement/CaseMaster.aspx?MatterCaseNo=21-00026,Orleans,Under Development,20,14411,NY,471720,147,2023-01-20T00:00:00.000,147,POINT (-78.19375 43.24607),ORES,,,,2025,Finger Lakes,Genesee,67.01,571,,,,,
,26.91,85699,Tier 1,Solar,Hecate Energy Greene County 1,3257,New,Hecate Energy New York LLC,Hecate Energy,http://documents.dps.ny.gov/public/MatterManagement/CaseMaster.aspx?MatterCaseNo=17-F-0617,Greene,Cancelled,20,12051,NY,85699,49.99,2023-01-20T00:00:00.000,47.49,POINT (-73.80015 42.34806),Article 10,,,http://documents.dps.ny.gov/public/MatterManagement/CaseMaster.aspx?MatterCaseNo=17-F-0619,2022,Capital Region,Hudson Valley,,570,,,,,
,,40626,Tier 1,Solar,Hatchery Solar,RESRFP20-1,New,Hatchery Solar LLC,Oriden Power,,Livingston,Cancelled,20,14423,NY,48751,19.99,2023-01-20T00:00:00.000,19.99,POINT (-77.8533 42.97389),SEQR,,,,2025,Finger Lakes,Central,43.64,932,,,,,
,22,10342,Tier 1,Solar,Hannacroix Solar Facility,RESRFP18-1,New,Hannacroix Solar Facility LLC,Teichos Energy,,Greene,Cancelled,20,12087,NY,12410,4.99,2023-01-20T00:00:00.000,4.99,POINT (-73.8846 42.4361),SEQR,,,,2022,Capital Region,Hudson Valley,,"8,360",,,,,
,,26149,Tier 1,Solar,Greene County Energy Properties,RESRFP17-1,New,"Greene County Energy Properties, LLC",Green County Energy Partners,,Greene,Under Development,20,12042,NY,31378,19.9,2023-01-20T00:00:00.000,19.9,POINT (-73.8587 42.37065),SEQR,,,,2024,Capital Region,Hudson Valley,91.09,577,,,,,
,,18042,Tier 1,Solar,Greene County 2,3257,New,Hecate Energy Greene 2 LLC,Hecate Energy,http://documents.dps.ny.gov/public/MatterManagement/CaseMaster.aspx?MatterCaseNo=17-F-0619,Greene,Under Development,20,12051,NY,21650,10,2023-01-20T00:00:00.000,10,POINT (-73.80015 42.34806),Article 10,,,,2024,Capital Region,Hudson Valley,88.04,570,,,,,
,,36084,Tier 1,Solar,Greene County 1,3257,New,Hecate Energy Greene 1 LLC,Hecate Energy,http://documents.dps.ny.gov/public/MatterManagement/CaseMaster.aspx?MatterCaseNo=17-F-0619,Greene,Under Development,20,12051,NY,43300,20,2023-01-20T00:00:00.000,20,POINT (-73.80015 42.34806),Article 10,,,,2024,Capital Region,Hudson Valley,88.04,570,,,,,
,,31052,Tier 1,Solar,Great Gully Solar Farm (formerly Delight Farm),RESRFP20-1,New,"Great Gully Solar Farm, LLC",AES Distributed Energy,,Cayuga,Cancelled,20,13160,NY,37262,16.8,2023-01-20T00:00:00.000,16.8,POINT (-76.69542 42.83245),SEQR,,,,2022,Central New York,Central,,"1,060",,,,,
,,313825,Tier 1,Land Based Wind,Eight Point Wind,3257,New,Eight Point Wind LLC,NextEra Energy Resources,http://documents.dps.ny.gov/public/MatterManagement/CaseMaster.aspx?MatterCaseNo=16-F-0062,Steuben,Under Development,20,14877,NY,376590,101.2,2023-01-20T00:00:00.000,101.2,POINT (-77.66125 42.08494),Article 10,,,,2023,Southern Tier,Central,70.8,422,,,,,
,,36084,Tier 1,Solar,Coeymans Solar,3257,New,Hecate Energy Albany 1 LLC,Hecate Energy,http://documents.dps.ny.gov/public/MatterManagement/CaseMaster.aspx?MatterCaseNo=17-F-0617,Albany,Under Development,20,12158,NY,43300,20,2023-01-20T00:00:00.000,20,POINT (-73.79876 42.53269),Article 10,,,,2023,Capital Region,Capital,75.82,570,,,,,
,,40822,Tier 1,Solar,Clear View Solar,RESRFP20-1,New,Clear View Solar LLC,Oriden Power,,Steuben,Cancelled,20,14808,NY,48986,20,2023-01-20T00:00:00.000,19.99,POINT (-77.47228 42.55434),SEQR,,,,2025,Southern Tier,Central,43.23,"1,003",,,,,
,,928560,Tier 1,Solar,Cider Solar Farm,RESRFP20-1,New,Hecate Energy Cider Solar LLC,Hecate Energy,https://documents.dps.ny.gov/public/MatterManagement/CaseMaster.aspx?MatterCaseNo=21-01108,Genesee,Under Development,20,14058,NY,1114272,500,2023-01-20T00:00:00.000,500,POINT (-78.18627 43.0822),ORES,,,,2024,Finger Lakes,West,52.4,811,,,,,
,,392644,Tier 1,Land Based Wind,Bluestone Wind,RESRFP17-1,New,"Bluestone Wind, LLC",Northland Power,http://documents.dps.ny.gov/public/MatterManagement/CaseMaster.aspx?MatterCaseNo=16-F-0559,Broome,Under Development,20,13865,NY,471172,121.8,2023-01-20T00:00:00.000,121.8,POINT (-75.64093 42.07398),Article 10,6.2,6.2,,2023,Southern Tier,Mohawk Valley,67.72,579,,,,,
,,272706,Tier 1,Land Based Wind,Baron Winds II,RESRFP17-1,New,Baron Winds II LLC,RWE,http://documents.dps.ny.gov/public/MatterManagement/CaseMaster.aspx?MatterCaseNo=15-f-0122,Steuben,Under Development,20,14826,NY,327247,112.5,2023-01-20T00:00:00.000,112.5,POINT (-77.51062 42.50697),Article 10,,,,2025,Southern Tier,Central,69.62,396,,,,,
,,354417,Tier 1,Land Based Wind,Baron Winds I,RESRFP17-1,New,Baron Winds LLC,RWE,http://documents.dps.ny.gov/public/MatterManagement/CaseMaster.aspx?MatterCaseNo=15-f-0122,Steuben,Under Development,20,14826,NY,425300,121.8,2023-01-20T00:00:00.000,121.8,POINT (-77.51062 42.50697),Article 10,,,,2023,Southern Tier,Central,69.62,396,,,,,
,22.75,748174,Tier 1,Land Based Wind,Baron Winds,RESRFP17-1,New,Baron Winds LLC,RWE,http://documents.dps.ny.gov/public/MatterManagement/CaseMaster.aspx?MatterCaseNo=15-f-0122,Steuben,Cancelled,20,14826,NY,897808,272,2023-01-20T00:00:00.000,272,POINT (-77.51062 42.50697),Article 10,,,,2022,Southern Tier,Central,,396,,,,,
,,269877,Tier 1,Land Based Wind,Ball Hill,3084,New,"Ball Hill Wind Energy, LLC",Northland Power,,Chautauqua,Under Development,20,14136,NY,323852,100,2023-01-20T00:00:00.000,100,POINT (-79.16578 42.54408),SEQR,,,,2023,Western New York,West,69.55,505,,,,,
,,977474,Tier 1,Land Based Wind,Alle-Catt Wind Farm,RESRFP17-1,New,Alle-Catt Wind Energy LLC,Invenergy,http://documents.dps.ny.gov/public/MatterManagement/CaseMaster.aspx?MatterCaseNo=17-F-0282,Cattaraugus,Under Development,20,14009,NY,1172968,339.78,2023-01-20T00:00:00.000,339.78,POINT (-78.42825 42.53383),Article 10,,,,2025,Western New York,West,65.62,596,,,,,
,,183960,Tier 1,Solar,Alfred Oaks Solar,RESRFP21-1,New,"Alfred Oaks Solar, LLC",Northland Power,https://orespermits.ny.gov/Public/MatterManagement/CaseMaster.aspx?MatterSeq=64954&MNO=22-00030,Allegany,Under Development,20,14806,NY,220752,100,2023-01-20T00:00:00.000,100,POINT (-77.79301 42.16039),ORES,40,20,,2025,Western New York,Central,,"1,096",,,,,
,,258508,Tier 1,Solar,Alabama Solar Park,RESRFP20-1,New,"Alabama Solar Park, LLC",EDPR,,Genesee,Cancelled,20,14125,NY,310209,130,2023-01-20T00:00:00.000,130,POINT (-78.27071 43.06599),ORES,80,20,,2024,Finger Lakes,Genesee,,995,,,,,
,15.25,314572,Non-Tier 1,Land Based Wind,Wethersfield,1168,,,,,Wyoming,Completed,10,14066,NY,314572,126,2023-01-20T00:00:00.000,119.7,POINT (-78.13413 42.64198),,,,,2009,Finger Lakes,Genesee,,,,,323626,,
,22.95,526800,Non-Tier 1,Land Based Wind,Maple Ridge,916,,,,,Lewis,Completed,10,13367,NY,605820,321,2023-01-20T00:00:00.000,,POINT (-75.49047 43.78695),,,,,2006,North Country,Mohawk Valley,,,,,,,
,14.85,159410,Non-Tier 1,Land Based Wind,Ellenburg,1037,,,,,Clinton,Completed,10,12923,NY,167381,81,2023-01-20T00:00:00.000,77,POINT (-73.9322 44.95524),,,,,2008,North Country,North,,,,,,,
,16.5,28200,Non-Tier 1,Land Based Wind,Dutch Hill*,1168,,,,,Steuben,Completed,10,14826,NY,28200,,2023-01-20T00:00:00.000,11.3,POINT (-77.51062 42.50697),,,,,2009,Southern Tier,Central,,,,,323617,,
,13.86,8513,Non-Tier 1,Land Based Wind,Dutch Hill,1037,,,,,Steuben,Completed,10,14826,NY,8513,37.5,2023-01-20T00:00:00.000,4.3,POINT (-77.51062 42.50697),,,,,2009,Southern Tier,Central,,,,,,,
,16.5,65700,Non-Tier 1,Land Based Wind,Cohocton*,1168,,,,,Steuben,Completed,10,14826,NY,65700,,2023-01-20T00:00:00.000,26.3,POINT (-77.51062 42.50697),,,,,2009,Southern Tier,Central,,,,,,,
,19.94,21247,Non-Tier 1,Land Based Wind,Cohocton,1037,,,,,Steuben,Completed,10,14826,NY,23372,87.5,2023-01-20T00:00:00.000,8.3,POINT (-77.51062 42.50697),,,,,2009,Southern Tier,Central,,,,,,,
,33,27463,Non-Tier 1,Land Based Wind,Cody Road,2554,New,,,,Madison,Cancelled,10,13035,NY,27463,10,2023-01-20T00:00:00.000,9.5,POINT (-75.84845 42.9296),,,,,,Central New York,Central,,,,,,,
,14.85,172140,Non-Tier 1,Land Based Wind,Clinton Wind,1037,,,,,Clinton,Completed,10,12962,NY,180747,100.5,2023-01-20T00:00:00.000,95.5,POINT (-73.56636 44.69294),,,,,2008,North Country,North,,,,,,,
,17.75,204817,Non-Tier 1,Land Based Wind,Chateaugay Wind Farm,1037,,,,,Clinton,Completed,10,12920,NY,215058,106.5,2023-01-20T00:00:00.000,101.2,POINT (-74.08016 44.92649),,,,,2009,North Country,North,,,,,,,
,14.85,182590,Non-Tier 1,Land Based Wind,Bliss,1037,,,,,Wyoming,Completed,10,14024,NY,191720,100.5,2023-01-20T00:00:00.000,95.5,POINT (-78.2584 42.59483),,,,,2008,Finger Lakes,Genesee,,,,,323608,,
,39.95,40894,Non-Tier 1,Land Based Wind,Black Oak,2554,New,,,,Tompkins,Cancelled,10,14867,NY,40894,12.6,2023-01-20T00:00:00.000,11.97,POINT (-76.59918 42.35949),,,,,,Southern Tier,Central,,,,,,,
,19.2,59743,Non-Tier 1,Land Based Wind,Bear Creek,916,,,,,Allegany,Completed,4,18101,PA,68704,22,2023-01-20T00:00:00.000,,POINT (-75.47027 40.60263),,,,,2006,Western New York,Central,,,,,,,
,17.55,179316,Non-Tier 1,Land Based Wind,Altona,1037,,,,,Clinton,Completed,10,12910,NY,188282,102,2023-01-20T00:00:00.000,96.9,POINT (-73.65582 44.88942),,,,,2009,North Country,North,,,,,323606,,
,,174520,Tier 1,Solar,York Run Solar,RESRFP21-1,New,"York Run Solar, LLC",CS Energy,,Chautauqua,Under Development,20,14701,NY,209424,90,2023-01-20T00:00:00.000,90,POINT (-79.2378 42.09605),ORES,,,,2025,Western New York,West,,"1,151",,,,,
,,299886,Tier 1,Solar,Yellow Barn Solar,RESRFP21-1,New,"Yellow Barn Solar, LLC",CS Energy,,Tompkins,Under Development,20,14882,NY,359863,160,2023-01-20T00:00:00.000,160,POINT (-76.49891 42.53468),ORES,,,,2025,Southern Tier,Central,,"1,009",,,,,
,,106784,Tier 1,Solar,Watkins Glen Solar Energy Center,RESRFP18-1,New,"Watkins Glen Solar Energy Center, LLC",NextEra Energy Resources,http://documents.dps.ny.gov/public/MatterManagement/CaseMaster.aspx?MatterCaseNo=21-01069,Schuyler,Under Development,20,14891,NY,128140,50,2023-01-20T00:00:00.000,50,POINT (-76.87373 42.38107),ORES,,,,2024,Southern Tier,Central,67.2,617,,,,,
,,156629,Tier 1,Solar,Trelina Solar Energy Center,RESRFP18-1,New,Trelina Energy Center LLC,NextEra Energy Resources,http://documents.dps.ny.gov/public/MatterManagement/CaseMaster.aspx?MatterSeq=59765&MNO=19-F-0366,Seneca,Under Development,20,13165,NY,187954,80,2023-01-20T00:00:00.000,80,POINT (-76.8627 42.89895),Article 10,,,,2024,Finger Lakes,Central,67.52,720,,,,,
,,236634,Tier 1,Solar,Tracy Solar Energy Center,RESRFP20-1,New,"Tracy Solar Energy Center, LLC",EDF Renewables Development,https://documents.dps.ny.gov/public/MatterManagement/CaseMaster.aspx?MatterCaseNo=21-00962,Jefferson,Under Development,20,13656,NY,283960,119,2023-01-20T00:00:00.000,119,POINT (-75.96182 44.19682),ORES,20,5,,2025,North Country,Mohawk Valley,60.69,774,,,,,
,,41700,Tier 1,Solar,Stern Solar,RESRFP21-1,New,"Stern Solar, LLC",CS Energy,,Rensselaer,Under Development,20,12154,NY,50040,19.99,2023-01-20T00:00:00.000,19.99,POINT (-73.58644 42.89705),SEQR,,,,2025,Capital Region,Capital,,"1,198",,,,,
,,37649,Tier 1,Solar,Somers Solar,RESRFP20-1,New,"Somers Solar, LLC",CS Energy,,Washington,Under Development,20,12828,NY,45179,19.99,2023-01-20T00:00:00.000,19.99,POINT (-73.58658 43.26888),SEQR,,,,2025,Capital Region,Capital,61.45,"1,015",,,,,
,,665322,Tier 1,Solar,Ridge View Solar Energy Center,RESRFP21-1,New,"Ridge View Solar Energy Center, LLC",EDF Renewables Development,,Niagara,Under Development,20,14094,NY,798386,350,2023-01-20T00:00:00.000,350,POINT (-78.69511 43.16926),ORES,80,20,,2025,Western New York,West,,859,,,,,
,,456221,Tier 1,Solar,Rich Road Solar Energy Center,RESRFP21-1,New,"Rich Road Solar Energy Center, LLC",EDF Renewables Development,https://orespermits.ny.gov/Public/MatterManagement/CaseMaster.aspx?MatterSeq=64955&MNO=22-00031,St Lawrence,Under Development,20,13617,NY,547465,240,2023-01-20T00:00:00.000,240,POINT (-75.16983 44.59994),ORES,80,20,,2025,North Country,Mohawk Valley,,800,,,,,
,,33271,Tier 1,Solar,Puckett Solar,RESRFP17-1,New,"Puckett Solar, LLC",MN8 Energy,,Chenango,Operational,20,13746,NY,39925,19.99,2023-01-20T00:00:00.000,19.99,POINT (-75.84875 42.23408),SEQR,,,,2022,Southern Tier,Central,78.08,775,,,323809,,
,,40503,Tier 1,Solar,Pattersonville,RESRFP17-1,New,Pattersonville Solar Facility LLC,MN8 Energy,,Schenectady,Under Development,20,12137,NY,48603,19.99,2023-01-20T00:00:00.000,19.99,POINT (-74.07787 42.88896),SEQR,,,,2023,Capital Region,Capital,74.55,638,,,,,
,19.97,367394,Tier 1,Solar,North Side Energy Center,RESRFP19-1,New,"North Side Energy Center, LLC",NextEra Energy Resources,http://documents.dps.ny.gov/public/MatterManagement/CaseMaster.aspx?MatterCaseNo=17-F-0598&submit=Search,St Lawrence,Under Development,20,13662,NY,440872,180,2023-01-20T00:00:00.000,180,POINT (-74.89298 44.93182),Article 10,,,,2024,North Country,North,,620,,,,,
,,319920,Tier 1,Solar,Morris Ridge Solar,RESRFP18-1,New,"Morris Ridge Solar Energy Center, LLC",EDF Renewables Development,http://documents.dps.ny.gov/public/MatterManagement/CaseMaster.aspx?MatterCaseNo=21-00025,Livingston,Under Development,20,14510,NY,383904,177,2023-01-20T00:00:00.000,177,POINT (-77.8741 42.72573),ORES,,,,2024,Finger Lakes,Central,72.06,717,,,,,
,,183568,Tier 1,Solar,Moraine Solar Energy Center,RESRFP20-1,New,Moraine Solar Energy LLC,EDF Renewables Development,https://documents.dps.ny.gov/public/MatterManagement/CaseMaster.aspx?MatterCaseNo=22-00024,Allegany,Under Development,20,14807,NY,220281,93.55,2023-01-20T00:00:00.000,93.55,POINT (-77.69597 42.39454),ORES,20,5,,2025,Western New York,Central,58.83,716,,,,,
,,200321,Tier 1,Solar,Mohawk Solar,RESRFP18-1,New,Mohawk Solar LLC,Avangrid Renewables,http://documents.dps.ny.gov/public/MatterManagement/CaseMaster.aspx?MatterCaseNo=17-F-0182,Montgomery,Under Development,20,13317,NY,240385,90.5,2023-01-20T00:00:00.000,90.5,POINT (-74.57167 42.90692),Article 10,,,,2024,Mohawk Valley,Capital,65.39,495,,,,,
,,33096,Tier 1,Solar,Martin Rd Solar,RESRFP19-1,New,"Martin Rd Solar, LLC",Olivewood Energy Development,,Cattaraugus,Under Development,20,14101,NY,39715,19.99,2023-01-20T00:00:00.000,19.99,POINT (-78.49038 42.4241),SEQR,,,,2024,Western New York,West,68.8,666,,,,,
,23,35022,Tier 1,Solar,Magruder Solar,RESRFP17-1,New,"Magruder Solar, LLC",CS Energy,,Ulster,Cancelled,20,12525,NY,42026,19.99,2023-01-20T00:00:00.000,19.99,POINT (-74.1512 41.67999),SEQR,,,,,Mid-Hudson,Hudson Valley,,744,,,,,
,19.5,2039,Tier 1,Solar,Java Solar Energy Center,RESRFP17-1,New,Java Energy LLC,Invenergy,,Wyoming,Cancelled,20,14009,NY,2446,1.53,2023-01-20T00:00:00.000,1.53,POINT (-78.42825 42.53383),SEQR,,,,,Finger Lakes,West,,"12,380",,,,,
,,35898,Tier 1,Solar,Janis Solar,RESRFP17-1,New,"Janis Solar, LLC",MN8 Energy,,Cortland,Under Development,20,13040,NY,43077,19.99,2023-01-20T00:00:00.000,19.99,POINT (-75.89576 42.54157),SEQR,,,,2022,Central New York,Central,75.91,768,,,,,
,,168718,Tier 1,Solar,Homer Solar Energy Center,RESRFP20-1,New,"Homer Solar Energy Center, LLC",EDF Renewables Development,http://documents.dps.ny.gov/public/MatterManagement/CaseMaster.aspx?MatterCaseNo=21-00976,Cortland,Under Development,20,13045,NY,202461,90,2023-01-20T00:00:00.000,90,POINT (-76.17484 42.60348),ORES,,,,2025,Central New York,Central,59.96,276,,,,,
,,167141,Tier 1,Solar,High River Energy Center,RESRFP17-1,New,"High River Energy Center, LLC",NextEra Energy Resources,http://documents.dps.ny.gov/public/MatterManagement/CaseMaster.aspx?MatterCaseNo=17-F-0597,Montgomery,Under Development,20,12010,NY,200569,90,2023-01-20T00:00:00.000,90,POINT (-74.18893 42.93896),Article 10,,,,2024,Mohawk Valley,Capital,69.88,618,,,,,
,,39400,Tier 1,Solar,Hawthorn Solar,RESRFP20-1,New,"Hawthorn Solar, LLC",CS Energy,,Rensselaer,Under Development,20,12090,NY,47280,19.99,2023-01-20T00:00:00.000,19.99,POINT (-73.34957 42.90196),SEQR,,,,2025,Capital Region,Capital,60.45,832,,,,,
,,33972,Tier 1,Solar,Grissom Solar,RESRFP17-1,New,"Grissom Solar, LLC",MN8 Energy,,Montgomery,Under Development,20,12095,NY,40766,19.99,2023-01-20T00:00:00.000,19.99,POINT (-74.36846 43.00655),SEQR,,,,2023,Mohawk Valley,Capital,81.05,682,,,,,
,21.5,453768,Tier 1,Solar,Garnet Energy Center Storage 1,RESRFP19-1,New,"Garnet Energy Center, LLC",NextEra Energy Resources,http://documents.dps.ny.gov/public/MatterManagement/CaseMaster.aspx?Mattercaseno=20-F-0043,Cayuga,Under Development,20,13140,NY,544521,200,2023-01-20T00:00:00.000,200,POINT (-76.62291 43.03722),Article 10,80,20,,2024,Central New York,Genesee,,883,,,,,
,,174412,Tier 1,Solar,Flint Mine Solar,RESRFP17-1,New,"Flint Mine Solar, LLC",D. E. Shaw Renewable Investments,http://documents.dps.ny.gov/public/MatterManagement/CaseMaster.aspx?MatterCaseNo=18-F-0087,Greene,Under Development,20,12051,NY,209294,100,2023-01-20T00:00:00.000,100,POINT (-73.80015 42.34806),Article 10,,,,2024,Capital Region,Hudson Valley,88.64,637,,,,,
,,591615,Tier 1,Solar,Excelsior Energy Center - Solar + Storage 2,RESRFP18-1,New,"Excelsior Energy Center, LLC",NextEra Energy Resources,http://documents.dps.ny.gov/public/MatterManagement/CaseMaster.aspx?MatterCaseNo=19-F-0299,Genesee,Under Development,20,14422,NY,709938,280,2023-01-20T00:00:00.000,280,POINT (-78.06382 43.07967),Article 10,80,20,,2024,Finger Lakes,Genesee,66.3,721,,,,,
,,32396,Tier 1,Solar,ELP Stillwater Solar,RESRFP18-1,New,ELP Stillwater Solar LLC,MN8 Energy,,Saratoga,Under Development,20,12118,NY,38875,19.99,2023-01-20T00:00:00.000,19.99,POINT (-73.68506 42.90448),SEQR,,,,2023,Capital Region,Capital,75.32,735,,,,,
,,109631,Tier 1,Solar,East Point Energy Center,RESRFP17-1,New,"East Point Energy Center, LLC",NextEra Energy Resources,http://documents.dps.ny.gov/public/MatterManagement/CaseMaster.aspx?MatterCaseNo=17-f-0599,Schoharie,Under Development,20,13459,NY,131557,50,2023-01-20T00:00:00.000,50,POINT (-74.61722 42.79531),Article 10,,,,2023,Mohawk Valley,Capital,78.68,619,,,,,
,,40276,Tier 1,Solar,Dolan Solar,RESRFP20-1,New,"Dolan Solar, LLC",CS Energy,,Washington,Under Development,20,12828,NY,48331,19.99,2023-01-20T00:00:00.000,19.99,POINT (-73.58658 43.26888),SEQR,,,,2025,Capital Region,Capital,59.85,833,,,,,
,,36774,Tier 1,Solar,Darby Solar,RESRFP17-1,New,"Darby Solar, LLC",MN8 Energy,,Washington,Under Development,20,12154,NY,44128,19.99,2023-01-20T00:00:00.000,19.99,POINT (-73.58644 42.89705),SEQR,,,,2023,Capital Region,Capital,76.57,730,,,,,
,,646926,Tier 1,Solar,Columbia Solar Energy Center,RESRFP21-1,New,"Columbia Solar Energy Center, LLC",EDF Renewables Development,,Herkimer,Under Development,20,13357,NY,776311,350,2023-01-20T00:00:00.000,350,POINT (-75.04217 43.0184),ORES,80,20,,2025,Mohawk Valley,Mohawk Valley,,857,,,,,
,14.98,47402,Non-Tier 1,Biogas - LFG,Community Refuse LFG,2389,,,,,,Completed,10,17257,PA,47402,6.4,2023-01-20T00:00:00.000,6.08,POINT (-77.51692 40.05194),,,,,2012,,,,,,,,,
,,27703,Tier 1,Solar,Bakerstand Solar 1,RESRFP18-1,New,Bakerstand Solar LLC,Olivewood Energy Development,,Cattaraugus,Under Development,20,14737,NY,33243,19.99,2023-01-20T00:00:00.000,19.99,POINT (-78.4578 42.33745),SEQR,,,,2024,Western New York,West,71.31,667,,,,,
,30,4750,Non-Tier 1,Biogas - ADG,Niagara BioEnergy,2554,New,,,,Niagara,Operational,10,14304,NY,4750,0.85,2023-01-20T00:00:00.000,0.81,POINT (-78.96669 43.08191),,,,,2019,Western New York,West,,,,,,,
,8,4075,Tier 2,Hydroelectric,Talcville,T2RFP21-1,,Erie Boulevard Hydropower LP,Brookfield Renewable Trading and Marketing LP,,St Lawrence,Operational,3,13635,NY,4075,,2023-01-20T00:00:00.000,1.1,POINT (-75.24961 44.32655),,,,,2021,North Country,Mohawk Valley,,,,,,,
,7.97,53598,Tier 2,Hydroelectric,Moose River Hydro,T2RFP21-1,,EONY Generation Limited,EONY Generation Limited,,Lewis,Operational,3,13368,NY,53598,,2023-01-20T00:00:00.000,12.2,POINT (-75.36537 43.61971),,,,,2021,North Country,Mohawk Valley,,,,,,,
,7.4,2693,Tier 2,Hydroelectric,Baldwinsville,T2RFP21-1,,Erie Boulevard Hydropower LP,Brookfield Renewable Trading and Marketing LP,,Onondaga,Operational,3,13027,NY,2693,,2023-01-20T00:00:00.000,0.6,POINT (-76.33276 43.15867),,,,,2021,Central New York,Central,,,,,,,
,,33446,Tier 1,Solar,West River Solar,RESRFP19-1,New,West River Solar LLC,Boralex,,Saratoga,Under Development,20,12831,NY,40135,19.99,2023-01-20T00:00:00.000,19.99,POINT (-73.65232 43.19646),SEQR,,,,2024,Capital Region,Capital,65.18,"1,165",,,,,
,,36248,Tier 1,Solar,Sky High Solar,RESRFP17-1,New,"Sky High Solar, LLC",Boralex,,Onondaga,Under Development,20,13159,NY,43497,19.99,2023-01-20T00:00:00.000,19.99,POINT (-76.10971 42.79814),SEQR,,,,2024,Central New York,Central,74.06,545,,,,,
,,40296,Tier 1,Solar,Scotch Ridge Solar,RESRFP21-1,New,"Scotch Ridge Solar, LLC",Nexamp,,Schenectady,Under Development,20,12056,NY,48355,20,2023-01-20T00:00:00.000,20,POINT (-74.13576 42.76111),SEQR,,,,2024,Capital Region,Capital,,"1,227",,,,,
,,37649,Tier 1,Solar,Sandy Creek Solar,RESRFP19-1,New,Sandy Creek Solar LLC,Boralex,,Jefferson,Under Development,20,13605,NY,45178,19.99,2023-01-20T00:00:00.000,19.99,POINT (-76.02364 43.81029),SEQR,,,,2024,North Country,Mohawk Valley,66.51,843,,,,,
,,208516,Tier 1,Solar,Rutland Center Solar 1,RESRFP20-1,New,"Rutland Center Solar 1, LLC",Borrego Solar Systems,,Jefferson,Under Development,20,13601,NY,250219,110.2,2023-01-20T00:00:00.000,110.2,POINT (-75.91428 43.97586),ORES,,,,2025,North Country,Mohawk Valley,51.17,"1,077",,,,,
,,39397,Tier 1,Solar,Roosevelt Solar,RESRFP21-1,New,ReneSola Power Holdings LLC,ReneSola Ltd.,,St Lawrence,Under Development,20,13662,NY,47276,19.9,2023-01-20T00:00:00.000,19.9,POINT (-74.89298 44.93182),SEQR,8,2,,2025,North Country,North,,"1,212",,,,,
,,244842,Tier 1,Solar,Newport Solar Farm,RESRFP21-1,New,Newport Deerfield Solar LLC,Boralex,,Oneida,Under Development,20,13502,NY,293810,130,2023-01-20T00:00:00.000,130,POINT (-75.24245 43.10124),ORES,,,,2026,Mohawk Valley,Mohawk Valley,,"1,178",,,,,
,,86198,Tier 1,Solar,Moss Ridge Solar,RESRFP21-1,New,"Moss Ridge Solar 1, LLC",Borrego Solar Systems,,St Lawrence,Under Development,20,13681,NY,103437,60,2023-01-20T00:00:00.000,60,POINT (-75.39336 44.41561),ORES,,,,2026,North Country,Mohawk Valley,,"1,150",,,,,
,,194472,Tier 1,Solar,Greens Corners Solar,RESRFP19-1,New,Greens Corners Solar LLC,Boralex,https://documents.dps.ny.gov/public/MatterManagement/CaseMaster.aspx?MatterCaseNo=21-00982&CaseSearch=Search,Jefferson,Under Development,20,13601,NY,233366,120,2023-01-20T00:00:00.000,120,POINT (-75.91428 43.97586),ORES,,,,2024,North Country,Mohawk Valley,64.21,864,,,,,
,,192720,Tier 1,Solar,Fort Edward Solar Farm,RESRFP21-1,New,Fort Edward Solar LLC,Boralex,,Washington,Under Development,20,12828,NY,231264,100,2023-01-20T00:00:00.000,100,POINT (-73.58658 43.26888),ORES,,,,2025,Capital Region,Capital,,"1,042",,,,,
,,473040,Tier 1,Solar,Fort Covington Solar Farm,RESRFP21-1,New,Fort Covington Solar LLC,Boralex,,Franklin,Under Development,20,12937,NY,567648,250,2023-01-20T00:00:00.000,250,POINT (-74.49412 44.98874),ORES,308,77,,2026,North Country,North,,"1,183",,,,,
,,75336,Tier 1,Solar,Foothills Solar Farm,RESRFP21-1,New,Foothills Solar LLC,Boralex,,Fulton,Under Development,20,12117,NY,90403,40,2023-01-20T00:00:00.000,40,POINT (-74.26411 43.10464),ORES,,,,2026,Mohawk Valley,Capital,,"1,182",,,,,
,,36798,Tier 1,Solar,ELP Ticonderoga Solar,RESRFP19-1,New,ELP Ticonderoga Solar LLC,East Light Partners,,Essex,Under Development,20,12883,NY,44157,19.99,2023-01-20T00:00:00.000,19.99,POINT (-73.42423 43.84879),SEQR,,,,2024,North Country,Capital,72.19,734,,,,,
,,35898,Tier 1,Solar,ELP Stuyvesant Solar,RESRFP21-1,New,ELP Stuyvesant Solar LLC,East Light Partners,,Columbia,Under Development,20,12173,NY,43077,19.99,2023-01-20T00:00:00.000,19.99,POINT (-73.78433 42.3879),SEQR,,,,2024,Capital Region,Capital,,"1,171",,,,,
,,41327,Tier 1,Solar,ELP Rotterdam Solar,RESRFP21-1,New,ELP Rotterdam Solar LLC,East Light Partners,,Schenectady,Under Development,20,12137,NY,49592,19.99,2023-01-20T00:00:00.000,19.99,POINT (-74.07787 42.88896),SEQR,,,,2024,Capital Region,Capital,,"1,038",,,,,
,,38369,Tier 1,Solar,Easton Solar Farm,RESRFP21-1,New,Easton Solar LLC,Boralex,,Washington,Under Development,20,12834,NY,46042,20,2023-01-20T00:00:00.000,20,POINT (-73.49696 43.08752),SEQR,,,,2024,Capital Region,Capital,,"1,035",,,,,
,,33446,Tier 1,Solar,Bald Mountain Solar,RESRFP19-1,New,Bald Mountain Solar LLC,Boralex,,Washington,Under Development,20,12834,NY,40135,19.99,2023-01-20T00:00:00.000,19.99,POINT (-73.49696 43.08752),SEQR,,,,2024,Capital Region,Capital,65.1,853,,,,,
,,37106,Tier 1,Solar,Tayandenega Solar,RESRFP17-1,New,"Tayandenega Solar, LLC",Greenbacker Renewable Energy Corporation,,Montgomery,Under Development,20,13452,NY,44527,19.99,2023-01-20T00:00:00.000,19.99,POINT (-74.67843 42.99876),SEQR,,,,2024,Mohawk Valley,Capital,72.61,565,,,,,
,,37999,Tier 1,Solar,SunEast Watkins Road Solar,RESRFP18-1,New,SunEast Watkins Solar 1 LLC,SunEast Development LLC,,Herkimer,Under Development,20,13340,NY,45598,19.99,2023-01-20T00:00:00.000,19.99,POINT (-75.07407 43.03638),SEQR,,,,2024,Mohawk Valley,Mohawk Valley,66.87,586,,,,,
,,37124,Tier 1,Solar,SunEast Valley Solar,RESRFP19-1,New,SunEast Valley Solar LLC,SunEast Development LLC,,Tioga,Under Development,20,13827,NY,44548,19.99,2023-01-20T00:00:00.000,19.99,POINT (-76.26213 42.10271),SEQR,,,,2024,Southern Tier,Central,63.07,828,,,,,
,,35548,Tier 1,Solar,Regan Solar,RESRFP17-1,New,"Regan Solar, LLC",MN8 Energy,,Montgomery,Operational,20,12068,NY,42657,19.99,2023-01-20T00:00:00.000,19.99,POINT (-74.3745 42.95452),SEQR,,,,2023,Mohawk Valley,Capital,79.18,748,,,323812,,
,,41502,Tier 1,Solar,SunEast Transit Solar,RESRFP20-1,New,SunEast Transit Solar LLC,SunEast Development LLC,,Genesee,Under Development,20,14143,NY,49802,19.99,2023-01-20T00:00:00.000,19.99,POINT (-78.07349 42.98365),SEQR,,,,2025,Finger Lakes,West,59.25,"1,051",,,,,
,,145066,Tier 1,Solar,SunEast Tabletop Solar,RESRFP19-1,New,SunEast Tabletop Solar LLC,SunEast Development LLC,,Montgomery,Under Development,20,13339,NY,174079,80,2023-01-20T00:00:00.000,80,POINT (-74.62332 42.93068),ORES,,,,2024,Mohawk Valley,Capital,60.4,869,,,,,
,,35022,Tier 1,Solar,SunEast Skyline Solar,RESRFP18-1,New,SunEast Skyline Solar LLC,SunEast Development LLC,,Oneida,Under Development,20,13476,NY,42026,19.99,2023-01-20T00:00:00.000,19.99,POINT (-75.53942 43.07951),SEQR,,,,2024,Mohawk Valley,Mohawk Valley,68.64,670,,,,,
,,32167,Tier 1,Solar,SunEast Scipio Solar,RESRFP21-1,New,,SunEast Development LLC,,Cayuga,Under Development,20,13147,NY,38600,18,2023-01-20T00:00:00.000,18,POINT (-76.55886 42.78334),SEQR,,,,2024,Central New York,Central,,590,,,,,
,,40223,Tier 1,Solar,SunEast Manchester Solar,RESRFP18-1,New,SunEast Manchester Solar LLC,SunEast Development LLC,,Ontario,Under Development,20,14432,NY,48267,19.99,2023-01-20T00:00:00.000,19.99,POINT (-77.13883 42.9615),SEQR,,,,2025,Finger Lakes,Central,67.41,722,,,,,
,,36073,Tier 1,Solar,SunEast Limestone Solar,RESRFP19-1,New,SunEast Limestone Solar LLC,SunEast Development LLC,,Fulton,Under Development,20,12070,NY,43287,19.99,2023-01-20T00:00:00.000,19.99,POINT (-74.23969 42.95709),SEQR,,,,2024,Mohawk Valley,Capital,63.72,806,,,,,
,,38875,Tier 1,Solar,SunEast Kingbird Solar,RESRFP20-1,New,SunEast Kingbird Solar LLC,SunEast Development LLC,,Chautauqua,Under Development,20,14048,NY,46650,19.99,2023-01-20T00:00:00.000,19.99,POINT (-79.33578 42.48724),SEQR,,,,2025,Western New York,West,59.35,"1,098",,,,,
,,38175,Tier 1,Solar,SunEast Hilltop Solar,RESRFP19-1,New,SunEast Hilltop Solar LLC,SunEast Development LLC,,Rensselaer,Under Development,20,12154,NY,45810,19.99,2023-01-20T00:00:00.000,19.99,POINT (-73.58644 42.89705),SEQR,,,,2024,Capital Region,Capital,64.35,807,,,,,
,,37999,Tier 1,Solar,SunEast Hills Solar,RESRFP18-1,New,SunEast Hills Solar LLC,SunEast Development LLC,,Herkimer,Under Development,20,13365,NY,45598,19.99,2023-01-20T00:00:00.000,19.99,POINT (-74.85884 43.04079),SEQR,,,,2024,Mohawk Valley,Mohawk Valley,66.67,581,,,,,
,,31361,Tier 1,Solar,SunEast Highview Solar,RESRFP19-1,New,SunEast Highview Solar LLC,SunEast Development LLC,,Wyoming,Under Development,20,14530,NY,37633,20,2023-01-20T00:00:00.000,20,POINT (-78.0055 42.71961),SEQR,,,,2024,Finger Lakes,West,63.38,591,,,,,
,,36949,Tier 1,Solar,SunEast Grassy Knoll Solar,RESRFP19-1,New,SunEast Grassy Knoll Solar LLC,SunEast Development LLC,,Herkimer,Under Development,20,13365,NY,44338,19.99,2023-01-20T00:00:00.000,19.99,POINT (-74.85884 43.04079),SEQR,,,,2024,Mohawk Valley,Mohawk Valley,63.58,885,,,,,
,,38175,Tier 1,Solar,SunEast Flat Stone Solar,RESRFP20-1,New,SunEast Flat Stone Solar LLC,SunEast Development LLC,,Oneida,Under Development,20,13478,NY,45810,19.99,2023-01-20T00:00:00.000,19.99,POINT (-75.57247 43.14021),SEQR,,,,2025,Mohawk Valley,Mohawk Valley,62.5,"1,000",,,,,
,,36423,Tier 1,Solar,SunEast Flat Hill Solar,RESRFP19-1,New,SunEast Flat Hill Solar LLC,SunEast Development LLC,,Herkimer,Under Development,20,13365,NY,43707,19.99,2023-01-20T00:00:00.000,19.99,POINT (-74.85884 43.04079),SEQR,,,,2024,Mohawk Valley,Mohawk Valley,63.72,865,,,,,
,,415224,Tier 1,Solar,SunEast Flat Creek Solar,RESRFP20-1,New,SunEast Flat Creek Solar LLC,SunEast Development LLC,,Montgomery,Under Development,20,12166,NY,498269,200,2023-01-20T00:00:00.000,200,POINT (-74.51427 42.89135),ORES,,,,2026,Mohawk Valley,Capital,55.95,"1,089",,,,,
,,193596,Tier 1,Solar,SunEast Flat Creek II Solar,RESRFP21-1,New,SunEast Flat Creek Solar LLC,SunEast Development LLC,,Montgomery,Under Development,20,12166,NY,232315,100,2023-01-20T00:00:00.000,100,POINT (-74.51427 42.89135),ORES,,,,2024,Mohawk Valley,Capital,,"1,115",,,,,
,,36248,Tier 1,Solar,SunEast Fairway Solar,RESRFP19-1,New,SunEast Fairway Solar LLC,SunEast Development LLC,,St Lawrence,Under Development,20,13669,NY,43497,19.99,2023-01-20T00:00:00.000,19.99,POINT (-75.48994 44.69424),SEQR,,,,2024,North Country,Mohawk Valley,62.85,848,,,,,
,,37999,Tier 1,Solar,SunEast Dog Corners Solar,RESRFP18-1,New,SunEast Dog Corners Solar LLC,SunEast Development LLC,,Cayuga,Under Development,20,13026,NY,45598,19.99,2023-01-20T00:00:00.000,19.99,POINT (-76.70294 42.75771),SEQR,,,,2024,Central New York,Central,67.13,584,,,,,
,18.45,35022,Tier 1,Solar,SunEast Clay Solar,RESRFP18-1,New,SunEast Clay Solar LLC,SunEast Development LLC,,Oswego,Cancelled,20,13042,NY,42026,19.99,2023-01-20T00:00:00.000,19.99,POINT (-75.8799 43.23297),SEQR,,,,2023,Central New York,Central,,669,,,,,
,,39225,Tier 1,Solar,SunEast Augustus Solar,RESRFP20-1,New,SunEast Augustus Solar LLC,SunEast Development LLC,,Oneida,Under Development,20,13425,NY,47070,19.99,2023-01-20T00:00:00.000,19.99,POINT (-75.46093 42.93909),SEQR,,,,2025,Mohawk Valley,Mohawk Valley,59.8,935,,,,,
,,404449,Tier 1,Solar,South Ripley Solar and Storage,RESRFP19-1,New,ConnectGen Chautauqua County LLC,ConnectGen,https://documents.dps.ny.gov/public/MatterManagement/CaseMaster.aspx?MatterCaseNo=21-00750,Chautauqua,Under Development,20,14775,NY,485338,270,2023-01-20T00:00:00.000,270,POINT (-79.71066 42.2668),ORES,80,20,,2025,Western New York,West,66.95,783,,,,,
,,38200,Tier 1,Solar,Silver Lake Solar Project,RESRFP18-1,New,Silver Lake Solar LLC,AES Corporation,,Wyoming,Under Development,20,14530,NY,45840,24.99,2023-01-20T00:00:00.000,24.99,POINT (-78.0055 42.71961),SEQR,,,,2024,Finger Lakes,Central,75.12,629,,,,,
,,33884,Tier 1,Solar,Rock District Solar,RESRFP17-1,New,"Rock District Solar, LLC",Greenbacker Renewable Energy Corporation,,Schoharie,Under Development,20,12043,NY,40660,19.99,2023-01-20T00:00:00.000,19.99,POINT (-74.48317 42.6782),SEQR,,,,2024,Mohawk Valley,Capital,76.2,564,,,,,
,22.5,32184,Tier 1,Solar,Rising Solar,RESRFP17-1,New,Rising Solar LLC,"National Grid Renewables, LLC",,Orange,Cancelled,20,10990,NY,38619,20,2023-01-20T00:00:00.000,20,POINT (-74.35825 41.25848),SEQR,,,,2020,Mid-Hudson,Hudson Valley,,,,,,,
,,197100,Tier 1,Solar,Mill Point Solar 2,RESRFP21-1,New,ConnectGen Montgomery County LLC,ConnectGen,,Montgomery,Under Development,20,12072,NY,236520,100,2023-01-20T00:00:00.000,100,POINT (-74.37026 42.94801),ORES,,,,2026,Mohawk Valley,Mohawk Valley,,"1,031",,,,,
,,497130,Tier 1,Solar,Mill Point Solar,RESRFP20-1,New,ConnectGen Montgomery County LLC,ConnectGen,,Montgomery,Under Development,20,12072,NY,596556,250,2023-01-20T00:00:00.000,250,POINT (-74.37026 42.94801),ORES,,,,2026,Mohawk Valley,Mohawk Valley,44.55,"1,031",,,,,
,,37649,Tier 1,Solar,Little Pond Solar,RESRFP17-1,New,"Little Pond Solar, LLC",Greenbacker Renewable Energy Corporation,,Orange,Under Development,20,12780,NY,45178,19.99,2023-01-20T00:00:00.000,19.99,POINT (-74.72882 41.40325),SEQR,,,,2024,Mid-Hudson,Hudson Valley,81.97,575,,,,,
,,368971,Tier 1,Solar,Horseshoe Solar,RESRFP18-1,New,Horseshoe Solar Energy LLC,Invenergy,https://documents.dps.ny.gov/public/MatterManagement/CaseMaster.aspx?MatterCaseNo=21-02480,Livingston,Under Development,20,14423,NY,442765,180,2023-01-20T00:00:00.000,180,POINT (-77.8533 42.97389),ORES,,,,2025,Finger Lakes,Genesee,70.57,710,,,,,
,,394200,Tier 1,Solar,Harvest Hills Solar (Formerly Milliken Solar),RESRFP20-1,New,ConnectGen Cayuga County LLC,ConnectGen,,Cayuga,Under Development,20,13071,NY,473040,200,2023-01-20T00:00:00.000,200,POINT (-76.53868 42.66918),ORES,,,,2026,Central New York,Central,47.7,"1,088",,,,,
,,202356,Tier 1,Solar,Harvest Hills Solar 2,RESRFP21-1,New,ConnectGen Cayuga County LLC,ConnectGen,,Cayuga,Under Development,20,13071,NY,242827,100,2023-01-20T00:00:00.000,100,POINT (-76.53868 42.66918),ORES,,,,2026,Central New York,Central,,"1,088",,,,,
,25,27493,Tier 1,Solar,Blue Stone Solar,RESRFP17-1,New,"Blue Stone Solar, LLC","National Grid Renewables, LLC",,Ulster,Cancelled,20,12477,NY,32991,19.99,2023-01-20T00:00:00.000,19.99,POINT (-73.95246 42.07778),SEQR,,,,2021,Mid-Hudson,Hudson Valley,,621,,,,,
,,181332,Tier 1,Solar,Bear Ridge Solar,RESRFP21-1,New,"Bear Ridge Solar, LLC","Cypress Creek Renewables, LLC",,Niagara,Under Development,20,14094,NY,217598,100,2023-01-20T00:00:00.000,100,POINT (-78.69511 43.16926),ORES,,,,2025,Western New York,West,,704,,,,,
